{"stats":{"minecraft:picked_up":{"minecraft:repeater":2,"minecraft:torch":18,"minecraft:lever":24,"minecraft:gravel":1,"minecraft:redstone_torch":10,"minecraft:redstone":26},"minecraft:used":{"minecraft:redstone_torch":97,"minecraft:sticky_piston":5,"minecraft:torch":225,"minecraft:lever":48,"minecraft:glowstone":1,"minecraft:repeater":224,"minecraft:redstone_lamp":107,"minecraft:iron_block":883,"minecraft:redstone":1990,"minecraft:birch_sign":41,"minecraft:redstone_block":1,"minecraft:cauldron":1},"minecraft:custom":{"minecraft:time_since_rest":229582,"minecraft:crouch_one_cm":975,"minecraft:sprint_one_cm":26058,"minecraft:play_time":229582,"minecraft:walk_one_cm":1071669,"minecraft:sneak_time":841,"minecraft:jump":1633,"minecraft:leave_game":7,"minecraft:time_since_death":229582,"minecraft:total_world_time":437458,"minecraft:fly_one_cm":472210}},"DataVersion":3105}